{
    "model": "CNN",
    "train_losses": [
        0.5112810134887695,
        0.44892585277557373,
        0.437284380197525,
        0.358082115650177,
        0.33892419934272766,
        0.3224039375782013,
        0.31376123428344727,
        0.31165802478790283,
        0.3086297810077667,
        0.307691752910614
    ],
    "train_accs": [
        0.8007286432160804,
        0.8256532663316583,
        0.8344221105527638,
        0.8639949748743718,
        0.8723869346733668,
        0.8823869346733668,
        0.8856532663316583,
        0.8863819095477387,
        0.887537688442211,
        0.8881155778894473
    ],
    "val_losses": [
        0.5435751676559448,
        0.4983522593975067,
        0.5154721736907959,
        0.45776239037513733,
        0.45322686433792114,
        0.4481939673423767,
        0.4456900954246521,
        0.44563552737236023,
        0.4449862837791443,
        0.4443753659725189
    ],
    "val_accs": [
        0.7856281407035176,
        0.8034170854271356,
        0.7975879396984925,
        0.815678391959799,
        0.8220100502512563,
        0.823819095477387,
        0.8242211055276382,
        0.8244221105527638,
        0.8257286432160804,
        0.8253266331658291
    ],
    "test_accs": [
        0.7910435761376428,
        0.8071233317253578,
        0.7986010612638688,
        0.8227206946454414,
        0.826017044540923,
        0.8281878115452646,
        0.8266602347644316,
        0.8272230262100017,
        0.8275446213217559,
        0.8283486091011416
    ],
    "best_val_epoch": 9,
    "lr": 0.001,
    "batch_size": 256
}