{
    "model": "CNN",
    "train_losses": [
        0.6793917417526245,
        0.5309469699859619,
        0.47281622886657715,
        0.40450289845466614,
        0.3858589828014374,
        0.37156441807746887,
        0.3683583438396454,
        0.3666052222251892,
        0.3647080957889557,
        0.36431053280830383
    ],
    "train_accs": [
        0.7274874371859297,
        0.7835175879396985,
        0.828819095477387,
        0.8473618090452262,
        0.854145728643216,
        0.8593718592964824,
        0.8613065326633166,
        0.862537688442211,
        0.8636180904522613,
        0.8637939698492463
    ],
    "val_losses": [
        0.6932538747787476,
        0.5681570768356323,
        0.5252907872200012,
        0.4814198315143585,
        0.4762274920940399,
        0.4709484279155731,
        0.46797049045562744,
        0.46652862429618835,
        0.4658278524875641,
        0.46579408645629883
    ],
    "val_accs": [
        0.7205025125628141,
        0.767035175879397,
        0.7943718592964825,
        0.8044221105527638,
        0.8094472361809045,
        0.8118592964824121,
        0.8124623115577889,
        0.8115577889447236,
        0.8111557788944723,
        0.8115577889447236
    ],
    "test_accs": [
        0.7235086026692394,
        0.7757678083293134,
        0.7984402637079916,
        0.8085705097282522,
        0.813153240070751,
        0.8141984241839524,
        0.8143592217398296,
        0.8166907863000482,
        0.815967197298601,
        0.816369191188294
    ],
    "best_val_epoch": 7,
    "lr": 0.001,
    "batch_size": 256
}