{
    "model": "CNN",
    "train_losses": [
        0.5847161412239075,
        0.47350212931632996,
        0.3952633738517761,
        0.3719758093357086,
        0.3649086058139801,
        0.34657835960388184,
        0.3306235671043396,
        0.3311544358730316,
        0.3292964696884155,
        0.32825183868408203
    ],
    "train_accs": [
        0.7650502512562815,
        0.8176884422110553,
        0.8489949748743718,
        0.8578894472361809,
        0.8579396984924623,
        0.8667085427135678,
        0.8744221105527639,
        0.8733417085427135,
        0.874321608040201,
        0.8750502512562814
    ],
    "val_losses": [
        0.5987988710403442,
        0.4922962188720703,
        0.4335624873638153,
        0.41618967056274414,
        0.4179612100124359,
        0.40580660104751587,
        0.39250144362449646,
        0.39517202973365784,
        0.3943195343017578,
        0.393498957157135
    ],
    "val_accs": [
        0.76321608040201,
        0.8053266331658292,
        0.8285427135678392,
        0.8365829145728643,
        0.8328643216080402,
        0.8374874371859297,
        0.8462311557788945,
        0.844824120603015,
        0.8458291457286432,
        0.8463316582914573
    ],
    "test_accs": [
        0.7633863965267728,
        0.8129120437369352,
        0.8310017687731146,
        0.8417752050168837,
        0.8400064319022351,
        0.8429811866859623,
        0.848367904807847,
        0.8470011255828911,
        0.8482071072519698,
        0.8482875060299083
    ],
    "best_val_epoch": 10,
    "lr": 0.001,
    "batch_size": 256
}