{
    "model": "MLP",
    "train_losses": [
        0.6504316329956055,
        0.5747014284133911,
        0.6114671230316162,
        0.4824640452861786,
        0.4637840986251831,
        0.4375075399875641,
        0.42954206466674805,
        0.42484521865844727,
        0.42098119854927063,
        0.4203243851661682
    ],
    "train_accs": [
        0.7303517587939699,
        0.7692713567839196,
        0.7602261306532664,
        0.8158542713567839,
        0.8269095477386935,
        0.839824120603015,
        0.8416834170854272,
        0.8455778894472362,
        0.8474874371859297,
        0.847462311557789
    ],
    "val_losses": [
        0.6891452074050903,
        0.647502064704895,
        0.7130520939826965,
        0.6055768132209778,
        0.6022137999534607,
        0.5958067774772644,
        0.5945984721183777,
        0.5921629667282104,
        0.5915443301200867,
        0.5910815000534058
    ],
    "val_accs": [
        0.7103517587939698,
        0.7269346733668341,
        0.7231155778894472,
        0.751859296482412,
        0.7558793969849247,
        0.7588944723618091,
        0.7591959798994975,
        0.7592964824120603,
        0.7587939698492462,
        0.7589949748743718
    ],
    "test_accs": [
        0.7148255346518733,
        0.7393471619231388,
        0.7267245537867825,
        0.7608940344106769,
        0.7617784209680013,
        0.7655571635311144,
        0.766763145200193,
        0.7674063354237015,
        0.7676475317575173,
        0.7682907219810259
    ],
    "best_val_epoch": 8,
    "lr": 0.001,
    "batch_size": 256
}