{
    "model": "MLP",
    "train_losses": [
        0.6196687817573547,
        0.5213144421577454,
        0.46879327297210693,
        0.4444664716720581,
        0.3532080352306366,
        0.3048231899738312,
        0.2911332845687866,
        0.2645878195762634,
        0.19723252952098846,
        0.200659841299057
    ],
    "train_accs": [
        0.7487236180904523,
        0.7938291457286433,
        0.8187537688442211,
        0.8230150753768845,
        0.8733668341708543,
        0.8914371859296483,
        0.8938291457286432,
        0.9046231155778894,
        0.9345326633165829,
        0.9308140703517588
    ],
    "val_losses": [
        0.6717023849487305,
        0.6294773817062378,
        0.6288665533065796,
        0.6777053475379944,
        0.6494371891021729,
        0.6594960689544678,
        0.7213989496231079,
        0.7577451467514038,
        0.7392394542694092,
        0.7945243120193481
    ],
    "val_accs": [
        0.7173178967679691,
        0.7412767325936646,
        0.745939861714102,
        0.7205338478855121,
        0.7509245859462936,
        0.7564721016240553,
        0.7386235729216916,
        0.7345232352468243,
        0.7538189419520823,
        0.7473066409390577
    ],
    "best_val_epoch": 6,
    "lr": 0.0001,
    "batch_size": 256
}