{"model": "MLP", "train_losses": [220.060791015625, 102.25497436523438, 96.20411682128906, 95.67552947998047, 95.57173919677734, 95.56422424316406, 95.56363677978516, 95.56371307373047, 95.56377410888672, 95.56400299072266], "train_accs": [0.4038190954773869, 0.3505276381909548, 0.40399497487437186, 0.40399497487437186, 0.40399497487437186, 0.40399497487437186, 0.40399497487437186, 0.40399497487437186, 0.40399497487437186, 0.40399497487437186], "val_losses": [192.40753173828125, 117.44232177734375, 113.68785095214844, 113.35728454589844, 113.29630279541016, 113.29171752929688, 113.2915267944336, 113.29151916503906, 113.29151916503906, 113.29151916503906], "val_accs": [0.41035175879396985, 0.3457286432160804, 0.410251256281407, 0.410251256281407, 0.410251256281407, 0.410251256281407, 0.410251256281407, 0.410251256281407, 0.410251256281407, 0.410251256281407], "test_accs": [0.4019134909149381, 0.3507798681460042, 0.4019938896928767, 0.4019938896928767, 0.4019938896928767, 0.4019938896928767, 0.4019938896928767, 0.4019938896928767, 0.4019938896928767, 0.4019938896928767], "best_val_epoch": 1, "lr": 1, "batch_size": 256}