{
    "model": "MLP",
    "train_losses": [
        0.7279690504074097,
        0.6540212631225586,
        0.5843635201454163,
        0.545893132686615,
        0.5260750651359558,
        0.5092085003852844,
        0.505705714225769,
        0.5023699998855591,
        0.4994541108608246,
        0.4988517761230469
    ],
    "train_accs": [
        0.6504522613065327,
        0.7225628140703517,
        0.7595979899497487,
        0.7757537688442211,
        0.7872613065326634,
        0.7968844221105528,
        0.7974874371859296,
        0.7994472361809045,
        0.8005527638190955,
        0.8007788944723618
    ],
    "val_losses": [
        0.7711201906204224,
        0.7247791886329651,
        0.6700559258460999,
        0.6471583247184753,
        0.6415753960609436,
        0.6360916495323181,
        0.635388195514679,
        0.6341362595558167,
        0.6331691145896912,
        0.633089005947113
    ],
    "val_accs": [
        0.6295477386934674,
        0.6942713567839196,
        0.7201005025125629,
        0.7316582914572864,
        0.7370854271356784,
        0.7377889447236181,
        0.7397989949748743,
        0.7414070351758794,
        0.7418090452261307,
        0.7420100502512563
    ],
    "test_acc": 0.7520501688374337,
    "best_val_epoch": 10,
    "lr": 0.001,
    "batch_size": 256
}