{
    "model": "MLP",
    "train_losses": [
        0.681428849697113,
        0.5881230235099792,
        0.5091107487678528,
        0.38039037585258484,
        0.3601231276988983,
        0.3454258441925049,
        0.33790305256843567,
        0.33568185567855835,
        0.3344182074069977,
        0.33370262384414673
    ],
    "train_accs": [
        0.7296984924623116,
        0.7605025125628141,
        0.8085678391959799,
        0.8648994974874372,
        0.8771105527638191,
        0.8829396984924623,
        0.8875879396984925,
        0.8895728643216081,
        0.8898241206030151,
        0.890175879396985
    ],
    "val_losses": [
        0.7913244962692261,
        0.7542059421539307,
        0.7413244843482971,
        0.6297761797904968,
        0.6188304424285889,
        0.6213498711585999,
        0.6153846383094788,
        0.6147477030754089,
        0.6157652735710144,
        0.6145923733711243
    ],
    "val_accs": [
        0.6883417085427136,
        0.6917587939698493,
        0.7158793969849246,
        0.7495477386934674,
        0.7528643216080402,
        0.755678391959799,
        0.7563819095477387,
        0.7562814070351759,
        0.7561809045226131,
        0.7561809045226131
    ],
    "test_accs": [
        0.6957710242804309,
        0.696333815726001,
        0.7213378356648978,
        0.7530953529506351,
        0.7580800771828268,
        0.7617784209680013,
        0.7612156295224313,
        0.7602508441871684,
        0.7605724392989227,
        0.7606528380768612
    ],
    "best_val_epoch": 7,
    "lr": 0.0001,
    "batch_size": 256
}