{
    "model": "MLP",
    "train_losses": [
        1.1169708967208862,
        0.6275287866592407,
        0.5565603971481323,
        0.4793902635574341,
        0.45843225717544556,
        0.4369179606437683,
        0.4260360598564148,
        0.422563761472702,
        0.41960152983665466,
        0.4181368350982666
    ],
    "train_accs": [
        0.6792713567839196,
        0.7407788944723618,
        0.7755276381909548,
        0.8154773869346734,
        0.8243718592964824,
        0.840678391959799,
        0.8432412060301507,
        0.845929648241206,
        0.8456030150753768,
        0.8466331658291457
    ],
    "val_losses": [
        1.265826940536499,
        0.7443869709968567,
        0.6909712553024292,
        0.6411550045013428,
        0.637334406375885,
        0.6275812983512878,
        0.6236864924430847,
        0.6224485635757446,
        0.623327374458313,
        0.6218274831771851
    ],
    "val_accs": [
        0.6485427135678392,
        0.6915577889447236,
        0.7160804020100503,
        0.7408040201005025,
        0.7403015075376884,
        0.7487437185929648,
        0.7495477386934674,
        0.7490452261306533,
        0.7498492462311558,
        0.7506532663316583
    ],
    "test_accs": [
        0.6463257758482072,
        0.6994693680656054,
        0.723589001447178,
        0.7469046470493649,
        0.7481106287184435,
        0.752934555394758,
        0.755587715066731,
        0.7559897089564238,
        0.7559093101784853,
        0.7568740955137482
    ],
    "best_val_epoch": 10,
    "lr": 0.001,
    "batch_size": 256
}