{
    "model": "MLP",
    "train_losses": [
        1.07870614528656,
        1.0796573162078857,
        1.0803061723709106,
        1.079193353652954,
        1.0748096704483032,
        0.9250441193580627,
        0.8872727751731873,
        0.8747673034667969,
        0.8642124533653259,
        0.8543713688850403
    ],
    "train_accs": [
        0.4038190954773869,
        0.40389447236180903,
        0.40376884422110554,
        0.40376884422110554,
        0.40376884422110554,
        0.5553517587939698,
        0.5857788944723618,
        0.5971105527638191,
        0.6026381909547739,
        0.6138693467336683
    ],
    "val_losses": [
        1.0772310495376587,
        1.0792299509048462,
        1.0782655477523804,
        1.0773394107818604,
        1.0736223459243774,
        0.9351130723953247,
        0.9016302824020386,
        0.8924024701118469,
        0.8840257525444031,
        0.8767160177230835
    ],
    "val_accs": [
        0.4105527638190955,
        0.4105527638190955,
        0.4105527638190955,
        0.4105527638190955,
        0.4105527638190955,
        0.5445226130653267,
        0.5797989949748744,
        0.5909547738693467,
        0.5934673366834171,
        0.6028140703517588
    ],
    "best_val_epoch": 10,
    "lr": 0.01,
    "batch_size": 256
}