{
    "model": "MLP",
    "train_losses": [
        0.6170655488967896,
        0.517739474773407,
        0.48714783787727356,
        0.3649041950702667,
        0.3438386917114258,
        0.33060839772224426,
        0.32448610663414,
        0.32221901416778564,
        0.320445716381073,
        0.3198852837085724
    ],
    "train_accs": [
        0.7512060301507538,
        0.7969095477386935,
        0.8015075376884422,
        0.8733417085427135,
        0.8826130653266332,
        0.8878894472361809,
        0.8930402010050251,
        0.8932663316582915,
        0.8948241206030151,
        0.8953015075376884
    ],
    "val_losses": [
        0.7233051657676697,
        0.694281280040741,
        0.7338222861289978,
        0.6354464292526245,
        0.6324526071548462,
        0.6347562670707703,
        0.6289910078048706,
        0.6286099553108215,
        0.6279482841491699,
        0.6278790235519409
    ],
    "val_accs": [
        0.7077386934673366,
        0.7235175879396984,
        0.7026130653266331,
        0.7527638190954774,
        0.7520603015075377,
        0.7542713567839195,
        0.7552763819095477,
        0.7551758793969849,
        0.7553768844221106,
        0.7548743718592965
    ],
    "test_accs": [
        0.713378356648979,
        0.7292169159028783,
        0.6972986010612638,
        0.7509245859462936,
        0.7524521627271266,
        0.7543013346197138,
        0.7563917028461168,
        0.755587715066731,
        0.7571152918475639,
        0.7569544942916868
    ],
    "best_val_epoch": 9,
    "lr": 0.0001,
    "batch_size": 256
}