{
    "model": "MLP",
    "train_losses": [
        0.894774317741394,
        0.5877261757850647,
        0.5002528429031372,
        0.47470900416374207,
        0.4656434655189514,
        0.4617265462875366,
        0.4611811637878418,
        0.46061891317367554,
        0.4607318341732025,
        0.46036508679389954
    ],
    "train_accs": [
        0.7055527638190955,
        0.7664321608040201,
        0.8072361809045226,
        0.8190954773869347,
        0.8244221105527638,
        0.8272613065326633,
        0.8276633165829146,
        0.8275628140703517,
        0.8276130653266331,
        0.8275879396984924
    ],
    "val_losses": [
        1.0306594371795654,
        0.7204479575157166,
        0.6644237637519836,
        0.654695451259613,
        0.6516228914260864,
        0.6512550711631775,
        0.6512132883071899,
        0.651159942150116,
        0.6511621475219727,
        0.6511580348014832
    ],
    "val_accs": [
        0.6720603015075377,
        0.7160804020100503,
        0.7390954773869347,
        0.7404020100502513,
        0.7429145728643216,
        0.7433165829145728,
        0.7433165829145728,
        0.7431155778894473,
        0.7430150753768844,
        0.7431155778894473
    ],
    "test_accs": [
        0.6752693359060943,
        0.721498633220775,
        0.7407943399260332,
        0.7454574690464705,
        0.7454574690464705,
        0.7465830519376105,
        0.747065444605242,
        0.7469850458273034,
        0.7473870397169963,
        0.7471458433831806
    ],
    "best_val_epoch": 6,
    "lr": 0.001,
    "batch_size": 256
}