{
    "model": "MLP",
    "train_losses": [
        0.8909139633178711,
        0.59602290391922,
        0.514495849609375,
        0.4848184883594513,
        0.46705755591392517,
        0.4635886251926422,
        0.4632618725299835,
        0.4624585807323456,
        0.4623486399650574,
        0.4627078175544739
    ],
    "train_accs": [
        0.6728140703517588,
        0.7491708542713568,
        0.7955025125628141,
        0.8140452261306532,
        0.8251005025125628,
        0.8267336683417086,
        0.8273869346733669,
        0.827035175879397,
        0.8268844221105528,
        0.8271859296482412
    ],
    "val_losses": [
        0.9944453239440918,
        0.7159909605979919,
        0.6504553556442261,
        0.6431522369384766,
        0.6262645125389099,
        0.6258590817451477,
        0.6253539323806763,
        0.6250521540641785,
        0.6249802112579346,
        0.6249325275421143
    ],
    "val_accs": [
        0.6364824120603015,
        0.694070351758794,
        0.7341708542713568,
        0.7357788944723618,
        0.7421105527638191,
        0.7421105527638191,
        0.742713567839196,
        0.7425125628140703,
        0.7425125628140703,
        0.7426130653266332
    ],
    "test_accs": [
        0.6385270943881654,
        0.7002733558449912,
        0.7365332046952886,
        0.7402315484804631,
        0.7480302299405049,
        0.7495578067213379,
        0.7496382054992764,
        0.7500401993889693,
        0.7501205981669079,
        0.7499598006110307
    ],
    "best_val_epoch": 7,
    "lr": 0.001,
    "batch_size": 256
}