{
    "model": "MLP",
    "train_losses": [
        176.0547332763672,
        39.54871368408203,
        18.7458553314209,
        13.29068660736084,
        11.898491859436035,
        10.26706314086914,
        10.087912559509277,
        9.928909301757812,
        9.674152374267578,
        9.648995399475098
    ],
    "train_accs": [
        0.405,
        0.40469849246231154,
        0.40464824120603016,
        0.404748743718593,
        0.40477386934673365,
        0.40477386934673365,
        0.40477386934673365,
        0.40479899497487437,
        0.4048241206030151,
        0.4048241206030151
    ],
    "val_losses": [
        2049.67431640625,
        1735.3897705078125,
        2294.076416015625,
        2325.29833984375,
        2352.46484375,
        2374.28173828125,
        2375.266357421875,
        2376.256103515625,
        2377.5029296875,
        2377.633056640625
    ],
    "val_accs": [
        0.41105527638190953,
        0.4106532663316583,
        0.41085427135678393,
        0.41085427135678393,
        0.4107537688442211,
        0.4107537688442211,
        0.4107537688442211,
        0.4107537688442211,
        0.4107537688442211,
        0.4107537688442211
    ],
    "test_accs": [
        0.40328027013989387,
        0.40239588358256956,
        0.40239588358256956,
        0.402315484804631,
        0.40239588358256956,
        0.402315484804631,
        0.402315484804631,
        0.402315484804631,
        0.402315484804631,
        0.402315484804631
    ],
    "best_val_epoch": 1,
    "lr": 1,
    "batch_size": 256
}