{
    "model": "MLP",
    "train_losses": [
        0.63360196352005,
        0.5166537165641785,
        0.46448731422424316,
        0.5513496398925781,
        0.3485925495624542,
        0.30249983072280884,
        0.2650156617164612,
        0.2428339421749115,
        0.23487155139446259,
        0.21489505469799042
    ],
    "train_accs": [
        0.7349497487437185,
        0.7977638190954773,
        0.8244221105527638,
        0.795427135678392,
        0.8719597989949749,
        0.8932663316582915,
        0.9081909547738694,
        0.9181407035175879,
        0.9180653266331659,
        0.9239698492462312
    ],
    "val_losses": [
        0.732641875743866,
        0.6908475160598755,
        0.7068542838096619,
        0.8896855115890503,
        0.7260016202926636,
        0.7268323302268982,
        0.7476073503494263,
        0.7877523303031921,
        0.813806414604187,
        0.8493380546569824
    ],
    "val_accs": [
        0.6944723618090453,
        0.7294472361809046,
        0.7285427135678392,
        0.6846231155778895,
        0.738894472361809,
        0.738894472361809,
        0.7437185929648241,
        0.7433165829145728,
        0.7343718592964824,
        0.7315577889447236
    ],
    "best_val_epoch": 7,
    "lr": 0.0001,
    "batch_size": 256
}