{
    "model": "MLP",
    "train_losses": [
        0.662953794002533,
        0.6134252548217773,
        0.5910603404045105,
        0.5343223214149475,
        0.5130537152290344,
        0.49004441499710083,
        0.481721431016922,
        0.4766044616699219,
        0.47336968779563904,
        0.47180411219596863
    ],
    "train_accs": [
        0.7197989949748743,
        0.7494974874371859,
        0.7553517587939699,
        0.7883668341708543,
        0.800251256281407,
        0.8116331658291457,
        0.8137688442211055,
        0.8180402010050252,
        0.8178391959798995,
        0.8196231155778895
    ],
    "val_losses": [
        0.6940415501594543,
        0.6605103015899658,
        0.6518158316612244,
        0.613551139831543,
        0.6037397980690002,
        0.5990634560585022,
        0.5942757725715637,
        0.5921080112457275,
        0.5929698348045349,
        0.5911174416542053
    ],
    "val_accs": [
        0.7014070351758794,
        0.7226130653266332,
        0.7285427135678392,
        0.7501507537688442,
        0.7553768844221106,
        0.7590954773869347,
        0.7597989949748744,
        0.7620100502512562,
        0.7628140703517587,
        0.7638190954773869
    ],
    "test_accs": [
        0.7114487859784532,
        0.7306640939057726,
        0.7342820389130085,
        0.755587715066731,
        0.7610548319665541,
        0.7627432063032642,
        0.7654767647531757,
        0.7654767647531757,
        0.7670043415340086,
        0.767325936645763
    ],
    "best_val_epoch": 10,
    "lr": 0.001,
    "batch_size": 256
}