{
    "model": "RESNET",
    "train_losses": [
        0.22972102463245392,
        0.18567612767219543,
        0.1994568556547165,
        0.05008704215288162,
        0.0266732070595026,
        0.012475268915295601,
        0.007390521466732025,
        0.0063001057133078575,
        0.0051122368313372135,
        0.005036709364503622
    ],
    "train_accs": [
        0.9143969849246231,
        0.9318090452261306,
        0.9269095477386935,
        0.9855778894472362,
        0.9939447236180905,
        0.9978140703517588,
        0.9989949748743718,
        0.9992462311557789,
        0.9994472361809045,
        0.9994472361809045
    ],
    "val_losses": [
        0.27099165320396423,
        0.24573452770709991,
        0.29138508439064026,
        0.17440393567085266,
        0.18300557136535645,
        0.2234424650669098,
        0.21932269632816315,
        0.22086921334266663,
        0.2268492579460144,
        0.22718559205532074
    ],
    "val_accs": [
        0.8954773869346734,
        0.9123618090452261,
        0.9020100502512562,
        0.9420100502512563,
        0.941608040201005,
        0.9389949748743719,
        0.9428140703517588,
        0.9426130653266331,
        0.9415075376884422,
        0.941608040201005
    ],
    "test_accs": [
        0.8998231226885351,
        0.9092297797073484,
        0.9013506994693681,
        0.9433188615533044,
        0.9454092297797073,
        0.94074610065927,
        0.9441228493326902,
        0.9433188615533044,
        0.9437208554429972,
        0.9435600578871202
    ],
    "best_val_epoch": 7,
    "lr": 0.001,
    "batch_size": 256
}